{"cameraMode":{"drawMode":0,"name":"Shaded","section":"Shading Mode"},"sceneLighting":true,"audioPlay":false,"sceneViewState":{"m_AlwaysRefresh":false,"showFog":true,"showSkybox":true,"showFlares":true,"showImageEffects":true,"showParticleSystems":true,"showVisualEffectGraphs":true,"m_FxEnabled":true},"in2DMode":false,"pivot":{"x":-6.699934482574463,"y":-26.45035171508789,"z":-19.19124412536621},"rotation":{"x":0.012518431060016156,"y":-0.7053086757659912,"z":0.7087182998657227,"w":0.012461818754673005},"size":21.950979232788087,"orthographic":false}